Energy (keV),Cross Section (barns)
0.2,7.43e-39
0.3,4.06e-31
0.4,1.59e-26
0.7,2.51e-19
1.0,1.03e-15
4.0,1.16e-06
7.0,0.000154
10.0,0.00173
14.0,0.0114
20.0,0.0597
26.0,0.168
35.0,0.47
50.0,1.37
65.0,2.66
80.0,3.96
95.0,4.8
104.0,5.0
110.0,5.01
120.0,4.88
135.0,4.47
150.0,3.97
180.0,3.07
220.0,2.23
280.0,1.5
